c1,c2,params,acc_mean,acc_std,loss_mean,loss_std,time_mean,time_std,baseline
6,4,1770,98.24000000000001,0.09165151389911562,0.05794603998462359,0.0010681025808272494,9.329385235711621,0.11980378407126632,False
3,8,2696,98.43,0.08185352771871754,0.04949018359184265,0.0029474341339837,9.325317654312434,0.11314028040784047,False
6,8,3374,98.52666666666666,0.12342339054382911,0.0407382237414519,0.0039578879492855054,10.170126404011777,0.3208358012944083,False
2,16,4878,98.67666666666666,0.03511884584284087,0.03856418530146281,0.0012216769720197083,9.01140645807997,0.35173340447914125,False
4,16,5730,98.77,0.09539392014169885,0.029574058949947357,0.0012072596613133112,9.79028752737213,0.1637864214184452,False
6,16,6582,98.85333333333334,0.1159022576714339,0.026923606793085735,0.0007014130218334103,10.436845818980752,0.23234451999385922,True
12,16,9138,98.87666666666667,0.08736894948054441,0.02090659427146117,0.0014609139123913492,12.823941458016634,0.4354203731867949,False
6,32,12998,98.96,0.07937253933193066,0.017274961496392887,0.0011900242704317645,11.308986874025626,0.04350731350824838,False
24,16,14250,99.01333333333334,0.1582192571507531,0.01753857359290123,0.0008538604849361321,16.852007111340452,0.12561413216347062,False
12,32,17954,99.00666666666666,0.15307950004273418,0.013305858708918095,0.000869934203809326,15.497561612690333,0.26159596216404735,False
6,64,25830,99.09333333333335,0.04932882862316238,0.011339928954839706,0.0006805877058961005,13.76735348632792,0.2586008396406117,False
24,64,55098,99.08999999999999,0.06244997998398578,0.00833333438883225,0.0005724852254217921,23.359938083624,0.31355528812348427,False
