record_id,traffic_volume_vph,occupancy_pct,average_speed_mph,rainfall_mm,travel_time_min,traffic_class
1,320,7,64,0,7.6,0
2,410,9,62,0,8,0
3,500,11,60,1,8.5,0
4,590,13,58,0,9,0
5,680,15,56,2,9.7,0
6,450,10,61,3,8.8,0
7,730,17,54,0,10.1,0
8,620,14,57,1,9.4,0
9,780,18,52,2,10.8,0
10,550,12,59,0,8.9,0
11,850,21,49,0,11.7,1
12,950,24,46,1,12.9,1
13,1050,28,43,0,14.1,1
14,1150,31,40,2,15.5,1
15,1250,35,37,0,17,1
16,900,23,47,4,13.1,1
17,1100,30,41,3,15.2,1
18,1300,38,35,1,18.4,1
19,1000,27,44,5,14.7,1
20,1200,34,39,2,16.6,1
21,1350,42,32,1,20.1,2
22,1450,47,29,3,22.8,2
23,1550,52,26,0,25.3,2
24,1650,58,23,4,29,2
25,1750,64,19,6,34.2,2
26,1400,45,30,7,24.1,2
27,1600,55,25,2,27.4,2
28,1850,70,16,8,39,2
29,1500,50,27,5,26,2
30,1700,61,21,3,31.7,2
