record_id,rainfall_mm,upstream_flow_m3s,soil_moisture_pct,temperature_c,streamflow_m3s,flow_class
1,0,11,20,26,9.5,0
2,1,12,22,25,10.8,0
3,2,13,24,24,12,0
4,3,14,26,23,13.4,0
5,4,15,28,22,15.1,0
6,1,16,25,27,13.2,0
7,5,17,30,21,17,0
8,6,18,32,20,19.1,0
9,3,15,27,24,14.7,0
10,7,19,34,19,21,0
11,8,22,37,20,26.4,1
12,10,24,41,19,30.8,1
13,12,27,45,18,36.2,1
14,15,30,49,17,42,1
15,18,33,53,16,48.9,1
16,9,25,40,21,31.1,1
17,14,29,47,19,40.3,1
18,20,35,56,15,53.5,1
19,16,31,51,18,44.6,1
20,22,37,59,14,58.7,1
21,24,42,64,16,68.2,2
22,28,47,69,15,78.5,2
23,32,52,73,14,89.7,2
24,36,57,77,13,101,2
25,40,63,82,12,116.4,2
26,27,45,67,17,75.3,2
27,34,54,75,15,95.2,2
28,45,68,86,11,130.6,2
29,30,50,71,16,84.1,2
30,38,60,80,13,108.8,2
